
{
     "totalCount":43,
     "list":
[

    {
        "key": "1",
        "name": "KALPANA Pagariya",
        "age": "45",
        "address": "India. 234",
        "description": "I am Kalpna"
    },
    {
        "key": "2",
        "name": "Salman",
        "age": "33",
        "address": "India",
        "description": "I am Salman"
    },
    {
        "key": "3",
        "name": "AAmir",
        "age": "50",
        "address": "India",
        "description": "I am Edward"
    },
    {
        "key": "4",
        "name": "Avantika",
        "age": "43",
        "address": "India. 234",
        "description": "I am Anil"
    },
    {
        "key": "5",
        "name": "Dejab",
        "age": "45",
        "address": "Newy York",
        "description": "I am Sumit"
    },
    {
        "key": "6",
        "name": "Petere",
        "age": "34",
        "address": "England",
        "description": "I am Peter"
    },
    {
        "key": "7",
        "name": "Jack",
        "age": "48",
        "address": "England",
        "description": "I am Jack"
    },
    {
        "key": "8",
        "name": "Lisa Lisa",
        "age": "23",
        "address": "England",
        "description": "I am Lisa"
    },
    {
        "key": "9",
        "name": "Hemlata",
        "age": "47",
        "address": "Mexico",
        "description": "I am Hobbs"
    },
   
    {
        "key": "10",
        "name": "Sddddd",
        "age": "48",
        "address": "New York",
        "description": "I am Dale"
    },
    {
        "key": "11",
        "name": "Hali",
        "age": "23",
        "address": "Mexico",
        "description": "I am Hali"
    },
    {
        "key": "12",
        "name": "Krishna",
        "age": "33",
        "address": "India. 234",
        "description": "I am Krishna"
    },
    {
        "key": "45",
        "name": "Gopal",
        "age": "34",
        "address": "India. 234",
        "description": "I am Gopal"
    },
    {
        "key": "13",
        "name": "Bishop",
        "age": "45",
        "address": "USA",
        "description": "I am Bishop"
    },
    {
        "key": "14",
        "name": "Wanson",
        "age": "33",
        "address": "New York",
        "description": "I am Wanson"
    },
    {
        "key": "15",
        "name": "Praavin",
        "age": "33",
        "address": "Singapore",
        "description": "I am Pragat"
    },
    {
        "key": "16",
        "name": "Hemant DD",
        "age": "33",
        "address": "India",
        "description": "I am Hemant"
    },
    {
        "key": "17",
        "name": "Supriya",
        "age": "45",
        "address": "India",
        "description": "I am Supriya"
    },
    {
        "key": "18",
        "name": "Sunita Willliams",
        "age": "45",
        "address": "India",
        "description": "I am Sunita"
    },
    {
        "key": "19",
        "name": "Mike Miller",
        "age": "55",
        "address": "Boston",
        "description": "I am Edward"
    },
    {
        "key": "20",
        "name": "Telly",
        "age": "55",
        "address": "Boston",
        "description": "I am Aakash"
    },
    {
        "key": "21",
        "name": "KALPANA KALPANA",
        "age": "45",
        "address": "India. 234",
        "description": "I am Kalpna"
    },
    {
        "key": "22",
        "name": "Nishi",
        "age": "49",
        "address": "India",
        "description": "I am Nishi"
    },
    {
        "key": "23",
        "name": "Nishant",
        "age": "45",
        "address": "India",
        "description": "I am Nishant"
    },
    {
        "key": "24",
        "name": "Tyler",
        "age": "45",
        "address": "Mexico",
        "description": "I am Tyler"
    },
    {
        "key": "25",
        "name": "Laxman",
        "age": "55",
        "address": "Malyaisa",
        "description": "I am Lisa"
    },
    {
        "key": "26",
        "name": "Anna",
        "age": "35",
        "address": "New York",
        "description": "I am Anna"
    },
    {
        "key": "27",
        "name": "Jack Bishop",
        "age": "66",
        "address": "Mexico",
        "description": "I am Jack"
    },
    {
        "key": "28",
        "name": "Ranveer Singh",
        "age": "45",
        "address": "India",
        "description": "I am Raanveer"
    },
    {
        "key": "29",
        "name": "Prem Chopra",
        "age": "65",
        "address": "India",
        "description": "I am Prem"
    },
    {
        "key": "30",
        "name": "Satish",
        "age": "45",
        "address": "India",
        "description": "I am Satish"
    },
    {
        "key": "31",
        "name": "Walter",
        "age": "55",
        "address": "New York",
        "description": "I am Walter"
    },
    {
        "key": "32",
        "name": "Olivia",
        "age": "35",
        "address": "New York",
        "description": "I am Olivia"
    },
    {
        "key": "33",
        "name": "Joshua",
        "age": "38",
        "address": "Italy",
        "description": "I am Joshua"
    },
    {
        "key": "34",
        "name": "Moganmbo",
        "age": "45",
        "address": "India. 234",
        "description": "I am Moganmbo"
    },
    {
        "key": "35",
        "name": "KALPANA KALPANA",
        "age": "45",
        "address": "India. 234",
        "description": "I am Kalpna"
    },
    {
        "key": "36",
        "name": "Chad",
        "age": "45",
        "address": "Italy",
        "description": "I am Chad"
    },
    {
        "key": "37",
        "name": "Parker",
        "age": "49",
        "address": "England",
        "description": "I am Parker"
    },
    {
        "key": "38",
        "name": "Amit DD",
        "age": "43",
        "address": "India. 234",
        "description": "I am Amit"
    },
    {
        "key": "39",
        "name": "Natasha Kalpana",
        "age": "5",
        "address": "India. 234",
        "description": "I am Natasha"
    },
    {
        "key": "40",
        "name": "Dejab Chatterjee",
        "age": "50",
        "address": "India. 234",
        "description": "I am Dejab"
    },
    {
        "key": "41",
        "name": "Kelvin",
        "age": "36",
        "address": "Boston",
        "description": "I am kelvin"
    },
    {
        "key": "42",
        "name": "Dack",
        "age": "33",
        "address": "Boston",
        "description": "I am Dack"
    },
     {
        "key": "43",
        "name": "John parker",
        "age": "45",
        "address": "New York",
        "description": "I am Ryan"
    }
    
]
}