{
     "totalCount":6,
     "list":
[

    {
        "key": "1",
        "name": "Smita",
        "age": "45",
        "address": "India. 234",
        "description": "I am Kalpna"
    },
    {
        "key": "2",
        "name": "John Eric",
        "age": "33",
        "address": "Boston.",
        "description": "I am John Eric"
    },
    {
        "key": "3",
        "name": "Edward",
        "age": "23",
        "address": "Fifth Lane",
        "description": "I am Edward"
    },
    {
        "key": "4",
        "name": "Anil DD",
        "age": "43",
        "address": "India. 234",
        "description": "I am Anil"
    },
    {
        "key": "5",
        "name": "Sumit Bagh",
        "age": "45",
        "address": "India",
        "description": "I am Sumit"
    },
    {
        "key": "6",
        "name": "Petere",
        "age": "34",
        "address": "England",
        "description": "I am Peter"
    }
    
]
}