{
    "xtype": "table",
    "tableTitle": "Users",
    "header": {
        "components": [
            {
                "xtype": "button",
                "label": "ADD",
                "id":"add",
                "onClickMoveToPage": "page2",
                "icon": "add",
                "enabled": "always"
            },
            {
                "xtype": "button",
                "label": "EDIT",
                "id":"edit",
                "onclick": "page2",
                "icon": "edit",
                "enabled": "rowSelection",
                "menuTitle":"More Actions"
            },
            {
                "xtype": "button",
                "label": "DELETE",
                "id":"delete",
                "onclick": {
                    "url": "/upmws/delete",
                    "method": "POST",
                    "body": "key"
                },
                "icon": "delete",
                "enabled": "always",
                "menuTitle":"More Actions"
            },
            {
                "xtype": "button",
                "label": "Show Deleted Rows",
                "id":"deleted_users",
                "enabled": "always",
                "onclick": "page2",
                "menuTitle":"More Actions"
            },
            {
                "xtype": "button",
                "label": "Export seleted Rows",
                "id":"export_selected_rows",
                "enabled": "always",
                "onclick": {
                    "url": "/upmws/download",
                    "method": "GET",
                    "params": "key"
                },
                "menuTitle":"Table Actions"
            }
        ]
    },
    "pagination": {
        "showSizeChanger": true,
        "showQuickJumper": true,
        "showTotal": true,
        "pageSize": 60,
        "pageSizeOptions": [
            "15",
            "30",
            "60"
        ]
    },
    "showSelectAllButton": true,
    "showTableRefreshButton": true,
    "columns": [
        {
            "title": "Name",
            "dataIndex": "name",
            "type": "String",
            "isEditable": true,
            "isFilter": true,
            "isSorting": false,
            "width": 150,
            "isKey": true,
            "onClickUrl":{
                "url":"/abc"
            }
        },
        {
            "title": "Gender",
            "dataIndex": "gender",
            "isEditable": true,
            "type": "String",
            "isSorting": false,
            "width": 150,
            "filters": [
                { "text": "Male", "value": "male" },
                { "text": "Female", "value": "female" }
              ]
        },
        {
            "title": "Critical",
            "dataIndex": "img",
            "type": "Image",
            "width": 50
        },
        {
            "title": "Address",
            "dataIndex": "address",
            "isEditable": true,
            "isFilter": true,
            "type": "String",
            "isSorting": false,
            "width": 150,
            "onClickUrl":{
                "modalUrl":"/"
            }
        },
        {
            "title": "Description",
            "dataIndex": "description",
            "isEditable": true,
            "isFilter": true,
            "type": "String",
            "isSorting": true,
            "width": 150
        }
        
    ],
    "tableLayout": {
        "header": true,
        "footer": true
    },
    "inlineRemove":{
       "url":"/upmws/delete",
       "method":"GET",
       "params":"key"
    },
    "inlineEdit":{
        "url":"/tableDemo/updateData",
        "method":"POST",
        "params":"key"
     },
    "dataSourceUrl": "/tableDemo/dataSource",
    "maxTableHeight":"350"

}